www.calstatela.edu_admissions,CSULA-content-manager_pchauha5
www.calstatela.edu_abacc,CSULA-content-manager_pchauha5
www.calstatela.edu_budget,CSULA-content-manager_pchauha5
www.calstatela.edu_careercenter,CSULA-content-manager_pchauha5
www.calstatela.edu_cetl,CSULA-content-manager_pchauha5
www.calstatela.edu_page,CSULA-content-manager_pchauha5
www.calstatela.edu_strategic-communications,CSULA-content-manager_pchauha5
www.calstatela.edu_academic_pas,CSULA-content-manager_pchauha5
www.calstatela.edu_publicsafety,CSULA-content-manager_pchauha5
discover.calstatela.edu,CSULA-content-manager_pchauha5
www.calstatela.edu_dtla,CSULA-content-manager_pchauha5
www.calstatela.edu_emeriti,CSULA-content-manager_pchauha5
www.calstatela.edu_academic_emt,CSULA-content-manager_pchauha5
www.calstatela.edu_financialaid,CSULA-content-manager_pchauha5
www.calstatela.edu_graduatestudies,CSULA-content-manager_pchauha5
www.calstatela.edu_honorscollege,CSULA-content-manager_pchauha5
www.calstatela.edu_housing,CSULA-content-manager_pchauha5
www.calstatela.edu_hrm,CSULA-content-manager_pchauha5
www.calstatela.edu_immigration,CSULA-content-manager_pchauha5
www.calstatela.edu_InstitutionalEffectiveness,CSULA-content-manager_pchauha5
www.calstatela.edu_international,CSULA-content-manager_pchauha5
www.calstatela.edu_FacultyAffairs,CSULA-content-manager_pchauha5
www.calstatela.edu_orsca,CSULA-content-manager_pchauha5
www.calstatela.edu_president,CSULA-content-manager_pchauha5
www.calstatela.edu_provost,CSULA-content-manager_pchauha5
www.calstatela.edu_finance-onestop,CSULA-content-manager_pchauha5
www.calstatela.edu_parking,CSULA-content-manager_pchauha5
www.calstatela.edu_patbrowninstitute,CSULA-content-manager_pchauha5
www.calstatela.edu_uas,CSULA-content-manager_pchauha5
www.calstatela.edu_registrar,CSULA-content-manager_pchauha5